{
    "event_data": [
        6,
        2,
        0,
        0,
        0,
        1,
        0,
        2,
        1,
        3,
        0,
        4,
        2,
        5,
        0,
        6,
        3,
        7,
        0,
        8,
        4,
        9,
        0,
        10,
        5,
        11,
        0,
        12,
        6,
        13,
        0,
        14,
        7,
        15,
        7
    ],
    "event_string": [
        "Thanks so much for the Banana Hannah <3",
        "ann",
        "So how is that going to get us out of here?",
        "player",
        "Oh it won't, I'm just hungry",
        "ann",
        "Ann",
        "player",
        "I can't think of a way out of this if I'm hungry!",
        "ann",
        "..this is a really good banana...",
        "ann",
        "Ann!",
        "player",
        "okay Okay I Got it",
        "ann"
    ],
    "event_vector": [
        {
            "x": 0.0,
            "y": 0.0,
            "z": 0.0
        },
        {
            "x": 0.0,
            "y": 0.0,
            "z": 0.0
        },
        {
            "x": 0.0,
            "y": 0.0,
            "z": 0.0
        },
        {
            "x": 0.0,
            "y": 0.0,
            "z": 0.0
        },
        {
            "x": 0.0,
            "y": 0.0,
            "z": 0.0
        },
        {
            "x": 0.0,
            "y": 0.0,
            "z": 0.0
        },
        {
            "x": 0.0,
            "y": 0.0,
            "z": 0.0
        },
        {
            "x": 0.0,
            "y": 0.0,
            "z": 0.0
        }
    ]
}