{
    "event_data": [
        9,
        3,
        0,
        1,
        2,
        3,
        3,
        5,
        8,
        4,
        0,
        5,
        0,
        6,
        0,
        7,
        1,
        8,
        0,
        9,
        2,
        10,
        0,
        11,
        3,
        12,
        0,
        13,
        4,
        14,
        0,
        15,
        5,
        16,
        0,
        17,
        6,
        18,
        0,
        19,
        7,
        20,
        0,
        21,
        8,
        22,
        0,
        23,
        9,
        24,
        7
    ],
    "event_string": [
        "this is a choice",
        "choice A",
        "choice B",
        "choice C",
        "debug_npc",
        "1",
        "debug_npc",
        "2",
        "debug_npc",
        "3",
        "debug_npc",
        "4",
        "debug_npc",
        "5",
        "debug_npc",
        "6",
        "debug_npc",
        "7",
        "debug_npc",
        "8",
        "debug_npc",
        "9",
        "debug_npc",
        "10",
        "debug_npc"
    ],
    "event_vector": [
        {
            "x": 0.0,
            "y": 0.0,
            "z": 0.0
        },
        {
            "x": 0.0,
            "y": 0.0,
            "z": 0.0
        },
        {
            "x": 0.0,
            "y": 0.0,
            "z": 0.0
        },
        {
            "x": 0.0,
            "y": 0.0,
            "z": 0.0
        },
        {
            "x": 0.0,
            "y": 0.0,
            "z": 0.0
        },
        {
            "x": 0.0,
            "y": 0.0,
            "z": 0.0
        },
        {
            "x": 0.0,
            "y": 0.0,
            "z": 0.0
        },
        {
            "x": 0.0,
            "y": 0.0,
            "z": 0.0
        },
        {
            "x": 0.0,
            "y": 0.0,
            "z": 0.0
        },
        {
            "x": 0.0,
            "y": 0.0,
            "z": 0.0
        }
    ]
}