{
    "event_data": [
        8,
        1,
        22,
        6,
        0,
        0,
        0,
        0,
        1,
        0,
        2,
        1,
        3,
        0,
        4,
        2,
        5,
        0,
        6,
        3,
        7,
        0,
        8,
        4,
        9,
        9,
        2,
        10,
        11,
        12,
        13,
        1,
        1,
        -1,
        14,
        0,
        15,
        5,
        16,
        0,
        17,
        6,
        18,
        9,
        3,
        19,
        20,
        21,
        22,
        1,
        1,
        1,
        23,
        0,
        24,
        7,
        25,
        0,
        26,
        8,
        27,
        0,
        28,
        9,
        29,
        0,
        30,
        10,
        31,
        0,
        32,
        11,
        33,
        0,
        34,
        12,
        35,
        9,
        3,
        36,
        37,
        38,
        39,
        1,
        1,
        1,
        40,
        0,
        41,
        13,
        42,
        0,
        43,
        14,
        44,
        6,
        1,
        8,
        0,
        4,
        8,
        2,
        4,
        0,
        45,
        15,
        46,
        0,
        47,
        16,
        48,
        8,
        0,
        11,
        0,
        49,
        17,
        50,
        0,
        51,
        18,
        52,
        0,
        53,
        19,
        54,
        9,
        3,
        55,
        56,
        57,
        58,
        1,
        1,
        1,
        59,
        0,
        60,
        20,
        61,
        0,
        62,
        21,
        63,
        0,
        64,
        22,
        65,
        0,
        66,
        23,
        67,
        0,
        68,
        24,
        69,
        0,
        70,
        25,
        71,
        7
    ],
    "event_string": [
        "..auuuuggggggghhh...",
        "will",
        "I found him like this when I came in",
        "ann",
        "Are you serious, come on",
        "player",
        "You barely canvassed",
        "player",
        "That last house was so mean to me",
        "will",
        "ughhh..",
        "You only did 5 houses",
        "You argued for an hour with a 12 year old",
        "",
        "will",
        "We need you out there knocking doors",
        "ann",
        "We're down 40 points in the polls",
        "ann",
        "Now's not the time for a break",
        "Kick him",
        "Drag him outside",
        "Verbal Absue",
        "will",
        "Hannah...",
        "ann",
        "What?..",
        "player",
        "Okay what should we do now?",
        "player",
        "Well since we're stuck here because of someone...",
        "ann",
        "*whimpers*",
        "will",
        "We'll have to find a way out of the house...",
        "ann",
        "*crying*",
        "ditch will",
        "throw a brick at the press",
        "More Verbal Absue",
        "will",
        "I know! Grab me a banana",
        "ann",
        "*inaudiable moans*",
        "will",
        "There should be a banana somewhere around here...",
        "ann",
        "Please Hannah, you're my only hope <3",
        "ann",
        "We're kinda trapped",
        "ann",
        "this is a nightmaree...",
        "will",
        "Alright, time to actually do something",
        "ann",
        "whyyy me...",
        "what's the plan?",
        "what's the plan?",
        "what's the plan?",
        "will",
        "Help me toss Will into the van",
        "ann",
        "You'll get me to canvas over my dead body",
        "will",
        "good",
        "player",
        "good",
        "ann",
        "We have about 3 hours to get 500 signatures",
        "ann",
        "I think we can do it <3",
        "player"
    ],
    "event_vector": [
        {
            "x": 0.0,
            "y": 0.0,
            "z": 0.0
        },
        {
            "x": 0.0,
            "y": 0.0,
            "z": 0.0
        },
        {
            "x": 0.0,
            "y": 0.0,
            "z": 0.0
        },
        {
            "x": 0.0,
            "y": 0.0,
            "z": 0.0
        },
        {
            "x": 0.0,
            "y": 0.0,
            "z": 0.0
        },
        {
            "x": 0.0,
            "y": 0.0,
            "z": 0.0
        },
        {
            "x": 0.0,
            "y": 0.0,
            "z": 0.0
        },
        {
            "x": 0.0,
            "y": 0.0,
            "z": 0.0
        },
        {
            "x": 0.0,
            "y": 0.0,
            "z": 0.0
        },
        {
            "x": 0.0,
            "y": 0.0,
            "z": 0.0
        },
        {
            "x": 0.0,
            "y": 0.0,
            "z": 0.0
        },
        {
            "x": 0.0,
            "y": 0.0,
            "z": 0.0
        },
        {
            "x": 0.0,
            "y": 0.0,
            "z": 0.0
        },
        {
            "x": 0.0,
            "y": 0.0,
            "z": 0.0
        },
        {
            "x": 0.0,
            "y": 0.0,
            "z": 0.0
        },
        {
            "x": 0.0,
            "y": 0.0,
            "z": 0.0
        },
        {
            "x": 0.0,
            "y": 0.0,
            "z": 0.0
        },
        {
            "x": 0.0,
            "y": 0.0,
            "z": 0.0
        },
        {
            "x": 0.0,
            "y": 0.0,
            "z": 0.0
        },
        {
            "x": 0.0,
            "y": 0.0,
            "z": 0.0
        },
        {
            "x": 0.0,
            "y": 0.0,
            "z": 0.0
        },
        {
            "x": 0.0,
            "y": 0.0,
            "z": 0.0
        },
        {
            "x": 0.0,
            "y": 0.0,
            "z": 0.0
        },
        {
            "x": 0.0,
            "y": 0.0,
            "z": 0.0
        },
        {
            "x": 0.0,
            "y": 0.0,
            "z": 0.0
        },
        {
            "x": 0.0,
            "y": 0.0,
            "z": 0.0
        }
    ]
}